path	profile	owner	tracked
bin/yvex	product	client.yvex	generated
share/yvex/package_manifest.tsv	product	build.package	tracked
share/yvex/LICENSE	product	project.license	tracked
share/yvex/NOTICE.md	product	project.notice	tracked
share/yvex/profile	product	build.package	generated
share/yvex/build.tsv	product	build.package	generated
share/licenses/replai/LICENSE	product	dependency.replai	generated
share/yvex/replai-source.json	product	dependency.replai	generated
share/yvex/Cargo.lock	product	build.rust-dependencies	tracked
share/yvex/rust_build_config	product	build.rust	generated
